Comment,Designator,Footprint,LCSC Part #,Quantity
100 Resistor,"R37,R36,R66,R67,R68,R69,R139,R138,R140,R141",R_0805_2012Metric,C17408,10
"Jumper_NO_Small Jumper, normally open, small symbol","JP3,JP9",PinHeader_1x02_P2.54mm_Vertical,DNP443,2
"Jumper_NO_Small Jumper, normally open, small symbol",JP1,SolderJumper-2_P1.3mm_Open_Pad1.0x1.5mm,DNP023,1
47 Resistor,"R164,R167,R186,R193,R185,R177,R178,R175,R176,R184,R183,R182,R188,R180,R181,R187,R189,R190,R195,R196,R179,R18,R19,R25,R26,R80,R81,R82,R83,R124,R125,R126,R127,R102,R103,R104,R105",R_0805_2012Metric,C17714,37
"Conn_01x04 Generic connector, single row, 01x04, script generated (kicad-library-utils/schlib/autogen/connector/)","J21,J19,J23,J25",PinHeader_1x04_P2.54mm_Vertical,DNP008,4
"Conn_01x06 Generic connector, single row, 01x06, script generated (kicad-library-utils/schlib/autogen/connector/)","J22,J24,J26",PinHeader_1x06_P2.54mm_Vertical,DNP562,3
10K Resistor,"R11,R28,R155,R35,R34,R156,R173,R174,R33,R54,R146,R147,R78,R77,R194,R9,R10,R16,R13,R12,R17,R49,R52,R61,R57,R53,R79,R116,R117,R122,R119,R118,R123,R142,R143,R144,R145,R63,R70,R65,R192,R160,R161,R162,R159,R158,R94,R95,R100,R97,R96,R101",R_0805_2012Metric,C17414,52
LED Light emitting diode,"D1,D10,D31,D32,D55,D19,D21,D2,D3,D5,D22,D27,D28,D30,D34,D35,D24,D25",D_0805_2012Metric,C84256,18
10uF 50V Unpolarized capacitor,"C1,C22,C23,C5,C81,C82",C_1210_3225Metric,C77102,6
"Conn_01x04_Female Generic connector, single row, 01x04, script generated (kicad-library-utils/schlib/autogen/connector/)","STEPINPUT1,MOTOR_CONN5,MOTOR_CONN1,MOTOR_CONN2,MOTOR_CONN4,MOTOR_CONN3","PhoenixContact_MSTBV_2,5_4-GF-5,08_1x04_P5.08mm_Vertical_ThreadedFlange_MountHole",DNP006,6
MountingHole_Pad Mounting Hole with connection,"H1,H13,H12,H14,H2,H15,H19,H11,H16,H20,H24,H25,H27,H29,H30,H32,H33,H34,H35,H36,H37,H4,H3,H5,H8,H7,H10,H6,H9",MountingHole_3.2mm_M3_Pad_Via,DNP003,29
SS36-E3/57T Schottky diode,"D52,D8,D33,D53,D54,D36,D37,D38,D39,D40,D41,D42,D43,D48,D49,D50,D51,D44,D45,D46,D47",D_SMC,HOMESTOK444,21
1nF Unpolarized capacitor,"C16,C79,C26",C_0805_2012Metric,C46653,3
68uH Inductor,"L3,L1",L_12x12mm_H8mm,STOCK104,2
1K Resistor,"R30,R148,R55,R62,R59,R76,R172,R191,R6,R7,R8,R5,R197,R163,R166,R165,R157",R_0603_1608Metric,C21190,17
"220uF 170mOhms 35V Polarized capacitor, small US symbol","C19,C80",CP_Elec_8x10,C311610,2
"330uF @60V Polarized capacitor, small US symbol","C6,C7,C2,C11,C40,C25,C50,C51,C76,C77,C63,C64",CP_Radial_D24.0mm_P10.00mm_SnapIn,DNP015,12
LM2596 ,"U3,U9",TO-263-5_TabPin3,DNP019,2
9K1 Resistor,R149,R_0603_1608Metric,C23260,1
"KIA50N06B 0.35A Id, 240V Vds, N-Channel Enhancement Mode MOSFET, SOT-223","Q10,Q3,Q4,Q1,Q2,Q5,Q6,Q7,Q8,Q9,Q13,Q14,Q15,Q16,Q17,Q20,Q21,Q18,Q19,Q22,Q23,Q32,Q33,Q36,Q37,Q34,Q35,Q38,Q39,Q24,Q25,Q28,Q29,Q26,Q27,Q30,Q31",TO-252-2,C130980,37
"Conn_01x04_Female Generic connector, single row, 01x04, script generated (kicad-library-utils/schlib/autogen/connector/)",MAININPUT1,"PhoenixContact_MSTBV_2,5_4-GF-5,08_1x04_P5.08mm_Vertical_ThreadedFlange_MountHole",DNP005,1
"MBR2060DT Schottky diode, anode on pins 1 and 3","D9,D7,D17,D18,D6,D15,D16",TO-252-2,C668181,7
"IR2104 Half-Bridge Driver, 600V, 210/360mA, PDIP-8/SOIC-8","U2,U1",SOIC-8_3.9x4.9mm_P1.27mm,C2960,2
"1N4148 100V 0.15A standard switching diode, DO-35","D13,D14,D11,D12,D20,D56",D_SOD-123,C81598,6
27 Resistor,"R4,R3,R2,R1,R75,R150",R_0805_2012Metric,C17594,6
1uF @60V Polarized capacitor,"C4,C3",CP_Elec_5x5.7,C487554,2
"Conn_01x04_Female Generic connector, single row, 01x04, script generated (kicad-library-utils/schlib/autogen/connector/)",J3,"PhoenixContact_MSTBV_2,5_4-GF-5,08_1x04_P5.08mm_Vertical_ThreadedFlange_MountHole",DNP004,1
100nF Unpolarized capacitor,"C84,C83,C31,C91,C92,C12,C18,C24,C28,C44,C49,C65,C70,C75,C39,C37,C36,C38,C88,C52,C57,C62",C_0603_1608Metric,C14663,22
"ESP32-WROOM-32D RF Module, ESP32-D0WDQ6 SoC, Wi-Fi 802.11b/g/n, Bluetooth, BLE, 32-bit, 2.7-3.6V, onboard antenna, SMD","U5,U12",ESP32-WROOM-32,STOCKSELF,2
"NCP1117ST33T3G 1.5A 35V Adjustable Linear Regulator, TO-263","U4,U11",SOT-223-3_TabPin2,HOMEAMS1117-3v3,2
10uF Unpolarized capacitor,"C29,C27,C32,C33,C78,C8,C9,C87,C86,C89,C90,C85",C_1206_3216Metric,C13585,12
DNP Resistor,R56,R_0402_1005Metric,DNP002,1
"SW_DIP_x01 1x DIP Switch, Single Pole Single Throw (SPST) switch, small symbol","BOOTM1,BOOTM2",SW_DIP_SPSTx01_Slide_6.7x4.1mm_W6.73mm_P2.54mm_LowProfile_JPin,DNP001,2
"SW_DIP_x01 1x DIP Switch, Single Pole Single Throw (SPST) switch, small symbol","RST1,RST2",SW_DIP_SPSTx01_Slide_6.7x4.1mm_W6.73mm_P2.54mm_LowProfile_JPin,DNP011,2
"FT232RL USB to Serial Interface, SSOP-28","U8,U10",SSOP-28_5.3x10.2mm_P0.65mm,HOMESTOCK01,2
USB_B_Micro USB Micro Type B connector,"J7,J15",USB_Micro-B_Molex-105017-0001,HOMESTOCK010,2
"BSP42 NPN transistor, base/collector/emitter, collector connected to mounting plane","Q12,Q11,Q41,Q40",SOT-223,HOMESTOCK003,4
"Jumper_2_Bridged Jumper, 2-pole, closed/bridged","JP2,JP8",SolderJumper-2_P1.3mm_Bridged2Bar_Pad1.0x1.5mm,DNP024,2
74HC595 8-bit serial in/out Shift Register 3-State Outputs,"U13,U14",SOIC-16_3.9x9.9mm_P1.27mm,C5947,2
"Conn_01x07_Female Generic connector, single row, 01x07, script generated (kicad-library-utils/schlib/autogen/connector/)",J6,PinHeader_1x07_P2.54mm_Horizontal,DNP016,1
IL0515S_DC-DC ,U6,PinHeader_1x04_P2.54mm_Vertical,DNP013,1
LBA710 ,"U7,U15",DIP-8_W8.89mm_SMDSocket_LongPads,DNP014,2
8P8C_4xShielded ,"ISO_PROBE1,J20",rj45_R-RJ45S08P-B000_C386763,DNP007,2
"HFD3/3 General purpose signal relay, Kemet EC2 Series, DPDT (2 Form C), non-latching, through hole, 60W/125VA, 220VDC/250VAC, 2A, 3V DC coil","K5,K1",Relay_DPDT_Kemet_EC2,DNP009,2
"Conn_01x04_Female Generic connector, single row, 01x04, script generated (kicad-library-utils/schlib/autogen/connector/)",SPINDLE_RELAY1,"PhoenixContact_MSTBV_2,5_4-GF-5,08_1x04_P5.08mm_Vertical_ThreadedFlange_MountHole",DNP012,1
TMC2160-TA ,"IC1,IC2,IC4,IC3",TQFP-48-1EP_7x7mm_P0.5mm_EP5x5mm,C465948,4
2R2 Resistor,"R15,R151,R60,R152,R121,R154,R99,R153",R_0805_2012Metric,C17477,8
2.2uF Unpolarized capacitor,"C15,C14,C13,C30,C42,C41,C66,C68,C67,C53,C55,C54",C_0805_2012Metric,C49217,12
22nF Unpolarized capacitor,"C17,C43,C69,C56",C_0805_2012Metric,C273670,4
470nF Unpolarized capacitor,"C20,C21,C34,C35,C45,C46,C47,C48,C71,C72,C73,C74,C58,C59,C60,C61",C_0805_2012Metric,C0805,16
10 Resistor,"R23,R20,R21,R24,R32,R27,R29,R48,R90,R84,R85,R91,R92,R86,R87,R93,R134,R128,R129,R135,R136,R130,R131,R137,R112,R106,R107,R113,R114,R108,R109,R115",R_0805_2012Metric,C17415,32
0.050 Resistor,"R22,R31,R88,R89,R132,R133,R110,R111",R_2512_6332Metric,HOME050,8
DNP Resistor,"R14,R58,R120,R98",R_0603_1608Metric,DNP010,4
SMBJ60A ,"D4,D23,D29,D26",D_SMB,C440310,4
0R15 Resistor,"R40,R38,R41,R39,R44,R42,R45,R43,R73,R71,R74,R72,R50,R46,R51,R47",R_MELF_MMB-0207,HOMESTOCK00,16
"SolderJumper_2_Open Solder Jumper, 2-pole, open","JP4,JP5,JP7,JP6",SolderJumper-2_P1.3mm_Open_Pad1.0x1.5mm,DNP_NA1,4
DNP Resistor,"R168,R169,R171,R170",R_0805_2012Metric,DNP734,4
1nF Unpolarized capacitor,"1nF@100V1,1nF@100V2,1nF@100V3,1nF@100V4,1nF@100V5,1nF@100V6,1nF@100V7,1nF@100V8,1nF@100V13,1nF@100V14,1nF@100V15,1nF@100V16,1nF@100V9,1nF@100V10,1nF@100V11,1nF@100V12",C_0805_2012Metric,C15177,16
"Limit_IF Generic connector, double row, 02x08, top/bottom pin numbering scheme (row 1: 1...pins_per_row, row2: pins_per_row+1 ... num_pins), script generated (kicad-library-utils/schlib/autogen/connector/)",J5,connRPC2x8_3.5mm2.5mm,DNP020,1
"Conn_01x20 Generic connector, single row, 01x16, script generated (kicad-library-utils/schlib/autogen/connector/)","J16,J18",PinHeader_1x16_P2.54mm_Vertical,DNP022,2
"Conn_01x08 Generic connector, single row, 01x08, script generated (kicad-library-utils/schlib/autogen/connector/)",J17,PinHeader_1x08_P2.54mm_Vertical,DNP021,1
