Designator, Val, Package, Mid X, Mid Y, Rotation, Layer
R179, 47, "Resistor SMD 0805 (2012 Metric)", 146.812000, 189.230000, 90, top
H37, MountingHole_Pad, "Mounting Hole 3.2mm", 295.000000, 161.400000, 0, top
H36, MountingHole_Pad, "Mounting Hole 3.2mm", 187.833274, 161.400000, 0, top
H35, MountingHole_Pad, "Mounting Hole 3.2mm", 356.050000, 88.600000, 0, top
H34, MountingHole_Pad, "Mounting Hole 3.2mm", 237.100000, 189.900000, 0, top
H33, MountingHole_Pad, "Mounting Hole 3.2mm", 71.000000, 194.400000, 0, top
H32, MountingHole_Pad, "Mounting Hole 3.2mm", 248.920000, 60.960000, 0, top
H30, MountingHole_Pad, "Mounting Hole 3.2mm", 205.900000, 185.600000, 0, top
H29, MountingHole_Pad, "Mounting Hole 3.2mm", 356.000000, 99.800000, 0, top
H27, MountingHole_Pad, "Mounting Hole 3.2mm", 297.180000, 60.960000, 0, top
H25, MountingHole_Pad, "Mounting Hole 3.2mm", 350.520000, 60.960000, 0, top
H24, MountingHole_Pad, "Mounting Hole 3.2mm", 241.300000, 60.960000, 0, top
H20, MountingHole_Pad, "Mounting Hole 3.2mm", 194.818000, 60.960000, 0, top
H19, MountingHole_Pad, "Mounting Hole 3.2mm", 123.698000, 81.280000, 0, top
H16, MountingHole_Pad, "Mounting Hole 3.2mm", 123.202700, 62.484000, 0, top
H15, MountingHole_Pad, "Mounting Hole 3.2mm", 78.833274, 140.233274, 0, top
H14, MountingHole_Pad, "Mounting Hole 3.2mm", 139.954000, 62.484000, 0, top
H13, MountingHole_Pad, "Mounting Hole 3.2mm", 124.000000, 131.400000, 0, top
H12, MountingHole_Pad, "Mounting Hole 3.2mm", 278.900000, 231.400000, 0, top
H11, MountingHole_Pad, "Mounting Hole 3.2mm", 356.000000, 202.400000, 0, top
H10, MountingHole_Pad, "Mounting Hole 3.2mm", 133.731000, 103.400000, 90, top
H9, MountingHole_Pad, "Mounting Hole 3.2mm", 241.833274, 103.400000, 90, top
H8, MountingHole_Pad, "Mounting Hole 3.2mm", 188.000000, 103.400000, 90, top
H7, MountingHole_Pad, "Mounting Hole 3.2mm", 176.750000, 103.400000, 90, top
H6, MountingHole_Pad, "Mounting Hole 3.2mm", 284.830000, 103.400000, 90, top
H5, MountingHole_Pad, "Mounting Hole 3.2mm", 231.000000, 103.400000, 90, top
H4, MountingHole_Pad, "Mounting Hole 3.2mm", 338.770000, 103.400000, 90, top
H3, MountingHole_Pad, "Mounting Hole 3.2mm", 295.000000, 103.400000, 90, top
H2, MountingHole_Pad, "Mounting Hole 3.2mm", 126.000000, 231.400000, 0, top
H1, MountingHole_Pad, "Mounting Hole 3.2mm", 71.000000, 231.400000, 0, top
JP9, Jumper_NO_Small, "Through hole straight pin header", 169.862500, 183.197500, 180, top
R192, 10K, "Resistor SMD 0805 (2012 Metric)", 110.259500, 226.377500, 180, top
R65, 10K, "Resistor SMD 0805 (2012 Metric)", 106.426000, 226.377500, 0, top
C92, 100nF, "Capacitor SMD 0603 (1608 Metric)", 188.087000, 202.311000, 90, top
C91, 100nF, "Capacitor SMD 0603 (1608 Metric)", 142.240000, 190.182500, 90, top
U15, LBA710, "8-lead though-hole mounted DIP package", 96.647000, 158.559500, 180, top
R197, 1K, "Resistor SMD 0603 (1608 Metric)", 92.393000, 165.227000, 0, top
R196, 47, "Resistor SMD 0805 (2012 Metric)", 181.864000, 212.280500, 270, top
R195, 47, "Resistor SMD 0805 (2012 Metric)", 184.404000, 208.407000, 270, top
R194, 10K, "Resistor SMD 0805 (2012 Metric)", 128.651000, 178.435000, 180, top
K1, HFD3/3, "Kemet signal relay", 71.438200, 163.346100, 180, top
D56, 1N4148, "SOD-123", 69.151500, 166.687500, 180, top
D55, LED, "Diode SMD 0805 (2012 Metric)", 132.334000, 178.435000, 0, top
U14, 74HC595, "SOIC", 137.668000, 184.607200, 270, top
U13, 74HC595, "SOIC", 183.108600, 195.884800, 270, top
R193, 47, "Resistor SMD 0805 (2012 Metric)", 125.095000, 175.768000, 270, top
R191, 1K, "Resistor SMD 0603 (1608 Metric)", 186.753500, 214.287100, 0, top
R190, 47, "Resistor SMD 0805 (2012 Metric)", 134.747000, 174.919000, 270, top
R189, 47, "Resistor SMD 0805 (2012 Metric)", 136.385300, 178.714400, 270, top
R188, 47, "Resistor SMD 0805 (2012 Metric)", 169.710100, 209.918300, 270, top
R187, 47, "Resistor SMD 0805 (2012 Metric)", 139.738100, 178.676300, 270, top
R181, 47, "Resistor SMD 0805 (2012 Metric)", 141.224000, 175.006000, 270, top
R180, 47, "Resistor SMD 0805 (2012 Metric)", 154.368500, 205.333600, 270, top
R172, 1K, "Resistor SMD 0603 (1608 Metric)", 179.603400, 205.930500, 90, top
R64, 1K, "Resistor SMD 0603 (1608 Metric)", 181.356000, 203.961500, 270, top
MOTOR_CONN5, MOTOR CONN, "Generic Phoenix Contact connector footprint for: MSTBV_2", 74.320400, 79.400400, 90, top
J26, Conn_01x06, "Through hole straight pin header", 136.334500, 166.370000, 90, top
J25, Conn_01x04, "Through hole straight pin header", 125.031500, 166.370000, 90, top
J24, Conn_01x06, "Through hole straight pin header", 136.334500, 170.116500, 90, top
J23, Conn_01x04, "Through hole straight pin header", 125.031500, 170.116500, 90, top
J22, Conn_01x06, "Through hole straight pin header", 166.878000, 171.958000, 90, top
J21, Conn_01x04, "Through hole straight pin header", 155.575000, 171.958000, 90, top
R186, 47, "Resistor SMD 0805 (2012 Metric)", 177.546000, 178.308000, 180, top
R185, 47, "Resistor SMD 0805 (2012 Metric)", 189.674500, 190.563500, 180, top
R184, 47, "Resistor SMD 0805 (2012 Metric)", 185.380000, 201.549000, 0, top
R183, 47, "Resistor SMD 0805 (2012 Metric)", 189.674500, 186.690000, 180, top
R182, 47, "Resistor SMD 0805 (2012 Metric)", 184.277000, 185.928000, 270, top
R178, 47, "Resistor SMD 0805 (2012 Metric)", 182.537100, 189.583700, 270, top
R177, 47, "Resistor SMD 0805 (2012 Metric)", 185.813700, 189.598300, 270, top
R176, 47, "Resistor SMD 0805 (2012 Metric)", 179.349400, 189.458600, 270, top
R175, 47, "Resistor SMD 0805 (2012 Metric)", 181.038500, 185.864500, 270, top
D54, SS36-E3/57T, "Diode SMC (DO-214AB)", 98.806000, 72.517000, 180, bottom
D53, SS36-E3/57T, "Diode SMC (DO-214AB)", 346.800000, 177.200000, 0, bottom
D52, SS36-E3/57T, "Diode SMC (DO-214AB)", 358.900000, 121.400000, 90, bottom
R174, 10K, "Resistor SMD 0805 (2012 Metric)", 315.400000, 220.500000, 180, top
R173, 10K, "Resistor SMD 0805 (2012 Metric)", 312.400000, 219.700000, 90, top
R156, 10K, "Resistor SMD 0805 (2012 Metric)", 333.750000, 223.650000, 270, top
R33, 10K, "Resistor SMD 0805 (2012 Metric)", 312.400000, 216.100000, 90, top
R154, 0, "Resistor SMD 0805 (2012 Metric)", 156.180000, 154.275000, 90, bottom
R153, 0, "Resistor SMD 0805 (2012 Metric)", 264.260000, 154.275000, 90, bottom
R152, 0, "Resistor SMD 0805 (2012 Metric)", 210.360000, 154.435000, 90, bottom
R151, 0, "Resistor SMD 0805 (2012 Metric)", 318.200000, 154.100000, 90, bottom
R121, 2R2, "Resistor SMD 0805 (2012 Metric)", 152.000000, 156.475000, 180, top
R99, 2R2, "Resistor SMD 0805 (2012 Metric)", 260.222500, 156.475000, 180, top
R60, 2R2, "Resistor SMD 0805 (2012 Metric)", 206.322500, 156.635000, 180, top
R15, 2R2, "Resistor SMD 0805 (2012 Metric)", 314.162500, 156.300000, 180, top
D51, SS36-E3/57T, "Diode SMC (DO-214AB)", 146.700000, 122.100000, 0, bottom
D50, SS36-E3/57T, "Diode SMC (DO-214AB)", 148.500000, 139.600000, 0, bottom
D49, SS36-E3/57T, "Diode SMC (DO-214AB)", 178.300000, 137.200000, 0, bottom
D48, SS36-E3/57T, "Diode SMC (DO-214AB)", 175.900000, 120.800000, 0, bottom
D47, SS36-E3/57T, "Diode SMC (DO-214AB)", 254.100000, 123.300000, 0, bottom
D46, SS36-E3/57T, "Diode SMC (DO-214AB)", 246.200000, 139.900000, 180, bottom
D45, SS36-E3/57T, "Diode SMC (DO-214AB)", 286.500000, 136.800000, 0, bottom
D44, SS36-E3/57T, "Diode SMC (DO-214AB)", 284.800000, 120.400000, 0, bottom
D43, SS36-E3/57T, "Diode SMC (DO-214AB)", 200.800000, 122.800000, 0, bottom
D42, SS36-E3/57T, "Diode SMC (DO-214AB)", 203.100000, 138.700000, 0, bottom
D41, SS36-E3/57T, "Diode SMC (DO-214AB)", 232.300000, 137.500000, 0, bottom
D40, SS36-E3/57T, "Diode SMC (DO-214AB)", 231.600000, 121.200000, 0, bottom
D39, SS36-E3/57T, "Diode SMC (DO-214AB)", 308.800000, 122.700000, 0, bottom
D38, SS36-E3/57T, "Diode SMC (DO-214AB)", 309.700000, 140.200000, 0, bottom
D37, SS36-E3/57T, "Diode SMC (DO-214AB)", 340.400000, 136.800000, 0, bottom
D36, SS36-E3/57T, "Diode SMC (DO-214AB)", 339.200000, 121.600000, 0, bottom
1nF@100V16, 1nF, "Capacitor SMD 0805 (2012 Metric)", 157.050000, 145.500000, 180, top
1nF@100V15, 1nF, "Capacitor SMD 0805 (2012 Metric)", 161.700000, 143.600000, 0, top
1nF@100V14, 1nF, "Capacitor SMD 0805 (2012 Metric)", 167.500000, 141.500000, 0, top
1nF@100V13, 1nF, "Capacitor SMD 0805 (2012 Metric)", 168.500000, 147.500000, 0, top
1nF@100V12, 1nF, "Capacitor SMD 0805 (2012 Metric)", 261.150000, 114.400000, 0, top
1nF@100V11, 1nF, "Capacitor SMD 0805 (2012 Metric)", 269.800000, 143.400000, 0, top
1nF@100V10, 1nF, "Capacitor SMD 0805 (2012 Metric)", 275.700000, 141.500000, 0, top
1nF@100V9, 1nF, "Capacitor SMD 0805 (2012 Metric)", 276.500000, 148.000000, 0, top
1nF@100V8, 1nF, "Capacitor SMD 0805 (2012 Metric)", 211.100000, 148.700000, 180, top
1nF@100V7, 1nF, "Capacitor SMD 0805 (2012 Metric)", 215.700000, 143.700000, 0, top
1nF@100V6, 1nF, "Capacitor SMD 0805 (2012 Metric)", 221.600000, 141.800000, 0, top
1nF@100V5, 1nF, "Capacitor SMD 0805 (2012 Metric)", 222.950000, 148.500000, 0, top
1nF@100V4, 1nF, "Capacitor SMD 0805 (2012 Metric)", 319.150000, 148.600000, 180, top
1nF@100V3, 1nF, "Capacitor SMD 0805 (2012 Metric)", 323.700000, 143.200000, 0, top
1nF@100V2, 1nF, "Capacitor SMD 0805 (2012 Metric)", 329.450000, 141.300000, 0, top
1nF@100V1, 1nF, "Capacitor SMD 0805 (2012 Metric)", 330.400000, 147.600000, 0, top
D24, LED, "Diode SMD 0805 (2012 Metric)", 285.700000, 159.100000, 0, top
R171, DNP, "Resistor SMD 0805 (2012 Metric)", 170.700000, 165.400000, 90, top
R170, DNP, "Resistor SMD 0805 (2012 Metric)", 280.000000, 165.112500, 90, top
R169, DNP, "Resistor SMD 0805 (2012 Metric)", 224.800000, 166.087500, 90, top
R168, DNP, "Resistor SMD 0805 (2012 Metric)", 332.500000, 165.200000, 90, top
J17, Conn_01x08, "Through hole straight pin header", 212.400000, 188.300000, 90, top
R167, 47, "Resistor SMD 0805 (2012 Metric)", 162.941000, 175.641000, 270, top
R164, 47, "Resistor SMD 0805 (2012 Metric)", 157.900000, 189.387500, 270, top
R36, 100, "Resistor SMD 0805 (2012 Metric)", 161.798000, 188.722000, 0, top
J18, Conn_01x20, "Through hole straight pin header", 241.400000, 196.000000, 0, top
J16, Conn_01x20, "Through hole straight pin header", 199.900000, 188.900000, 0, top
U12, ESP32-WROOM-32D, "Single 2.4 GHz Wi-Fi and Bluetooth combo chip https://www.espressif.com/sites/default/files/documentation/esp32-wroom-32_datasheet_en.pdf", 222.100000, 227.800000, 180, top
U11, NCP1117ST33T3G, "module CMS SOT223 4 pins", 231.200000, 202.900000, 180, bottom
U10, FT232RL, "28-Lead Plastic Shrink Small Outline (SS)-5.30 mm Body [SSOP] (see Microchip Packaging Specification 00000049BS.pdf)", 217.200000, 207.700000, 0, top
RST2, SW_DIP_x01, "SMD 1x-dip-switch SPST ", 235.400000, 212.500000, 90, top
R166, 1K, "Resistor SMD 0603 (1608 Metric)", 209.900000, 218.200000, 180, top
R165, 1K, "Resistor SMD 0603 (1608 Metric)", 212.700000, 215.800000, 180, top
R163, 1K, "Resistor SMD 0603 (1608 Metric)", 236.500000, 233.500000, 90, top
R162, 10K, "Resistor SMD 0805 (2012 Metric)", 227.200000, 207.500000, 180, top
R161, 10K, "Resistor SMD 0805 (2012 Metric)", 227.287500, 205.200000, 180, top
R160, 10K, "Resistor SMD 0805 (2012 Metric)", 234.400000, 197.700000, 0, top
R159, 10K, "Resistor SMD 0805 (2012 Metric)", 217.100000, 214.500000, 180, top
R158, 10K, "Resistor SMD 0805 (2012 Metric)", 217.000000, 200.900000, 0, top
R157, 1K, "Resistor SMD 0603 (1608 Metric)", 224.000000, 205.400000, 90, top
Q41, BSP42, "module CMS SOT223 4 pins", 221.500000, 206.700000, 0, bottom
Q40, BSP41, "module CMS SOT223 4 pins", 212.900000, 207.500000, 90, bottom
JP8, Jumper_2_Bridged, "SMD Solder Jumper", 208.800000, 235.500000, 0, top
J15, USB_B_Micro, "http://www.molex.com/pdm_docs/sd/1050170001_sd.pdf", 201.900000, 234.300000, 0, top
D35, LED, "Diode SMD 0805 (2012 Metric)", 230.900000, 207.500000, 0, top
D34, LED, "Diode SMD 0805 (2012 Metric)", 230.900000, 205.300000, 0, top
D30, LED, "Diode SMD 0805 (2012 Metric)", 228.800000, 202.000000, 180, top
C90, 10uF, "Capacitor SMD 1206 (3216 Metric)", 234.300000, 229.500000, 90, top
C89, 10uF, "Capacitor SMD 1206 (3216 Metric)", 234.300000, 234.425000, 270, top
C88, 100nF, "Capacitor SMD 0603 (1608 Metric)", 236.500000, 230.200000, 270, top
C87, 10uF, "Capacitor SMD 1206 (3216 Metric)", 229.100000, 197.600000, 0, top
C86, 10uF, "Capacitor SMD 1206 (3216 Metric)", 224.200000, 209.400000, 270, top
C85, 10uF, "Capacitor SMD 1206 (3216 Metric)", 224.900000, 213.100000, 0, top
BOOTM2, SW_DIP_x01, "SMD 1x-dip-switch SPST ", 207.500000, 212.500000, 90, top
J20, 8P8C_4xShielded, "https://belfuse.com/resources/drawings/stewartconnector/dr-stw-ss-74301-001-ss-74301-002-ss-74301-005.pdf", 78.350000, 211.450000, 270, top
ISO_PROBE1, 8P8C_4xShielded, "https://belfuse.com/resources/drawings/stewartconnector/dr-stw-ss-74301-001-ss-74301-002-ss-74301-005.pdf", 77.400000, 176.300000, 270, top
U7, LBA710, "8-lead though-hole mounted DIP package", 88.200000, 181.100000, 180, top
D20, 1N4148, "SOD-123", 82.655500, 162.677000, 180, top
C84, 100nF, "Capacitor SMD 0603 (1608 Metric)", 91.175000, 135.050000, 0, top
C83, 100nF, "Capacitor SMD 0603 (1608 Metric)", 112.400000, 134.300000, 0, top
J19, Conn_01x04, "Through hole straight pin header", 136.950000, 206.700000, 0, top
R148, 1K, "Resistor SMD 0603 (1608 Metric)", 314.925000, 186.650000, 0, top
R115, 10, "Resistor SMD 0805 (2012 Metric)", 281.160000, 123.387500, 270, top
R114, 10, "Resistor SMD 0805 (2012 Metric)", 271.460000, 123.475000, 90, top
R113, 10, "Resistor SMD 0805 (2012 Metric)", 252.460000, 141.662500, 270, top
R112, 10, "Resistor SMD 0805 (2012 Metric)", 243.000000, 141.650000, 90, top
R111, 0.050, "Resistor SMD 2512 (6332 Metric)", 289.860000, 147.275000, 270, top
R110, 0.050, "Resistor SMD 2512 (6332 Metric)", 258.560000, 148.975000, 270, top
R109, 10, "Resistor SMD 0805 (2012 Metric)", 281.660000, 140.475000, 90, top
R108, 10, "Resistor SMD 0805 (2012 Metric)", 271.660000, 140.475000, 90, top
R107, 10, "Resistor SMD 0805 (2012 Metric)", 252.660000, 125.287500, 90, top
R106, 10, "Resistor SMD 0805 (2012 Metric)", 241.560000, 125.175000, 90, top
R105, 47, "Resistor SMD 0805 (2012 Metric)", 247.960000, 150.875000, 90, top
R104, 47, "Resistor SMD 0805 (2012 Metric)", 283.260000, 145.275000, 270, top
R103, 47, "Resistor SMD 0805 (2012 Metric)", 283.260000, 149.375000, 90, top
R102, 47, "Resistor SMD 0805 (2012 Metric)", 247.960000, 146.987500, 270, top
R101, 10K, "Resistor SMD 0805 (2012 Metric)", 276.330000, 165.400000, 90, top
R100, 10K, "Resistor SMD 0805 (2012 Metric)", 282.360000, 163.275000, 270, top
R98, DNP, "Resistor SMD 0603 (1608 Metric)", 273.660000, 164.475000, 180, top
R97, 10K, "Resistor SMD 0805 (2012 Metric)", 273.660000, 168.400000, 180, top
R96, 10K, "Resistor SMD 0805 (2012 Metric)", 273.580000, 166.400000, 180, top
R95, 10K, "Resistor SMD 0805 (2012 Metric)", 289.300000, 161.300000, 180, top
R94, 10K, "Resistor SMD 0805 (2012 Metric)", 289.300000, 159.100000, 180, top
R93, 10, "Resistor SMD 0805 (2012 Metric)", 227.260000, 123.547500, 270, top
R92, 10, "Resistor SMD 0805 (2012 Metric)", 217.560000, 123.635000, 90, top
R91, 10, "Resistor SMD 0805 (2012 Metric)", 198.560000, 141.822500, 270, top
R90, 10, "Resistor SMD 0805 (2012 Metric)", 189.250000, 141.812500, 90, top
R89, 0.050, "Resistor SMD 2512 (6332 Metric)", 235.960000, 147.435000, 270, top
R88, 0.050, "Resistor SMD 2512 (6332 Metric)", 204.660000, 149.135000, 270, top
R87, 10, "Resistor SMD 0805 (2012 Metric)", 227.760000, 140.635000, 90, top
R86, 10, "Resistor SMD 0805 (2012 Metric)", 217.760000, 140.635000, 90, top
R85, 10, "Resistor SMD 0805 (2012 Metric)", 198.760000, 125.447500, 90, top
R84, 10, "Resistor SMD 0805 (2012 Metric)", 187.660000, 125.335000, 90, top
R83, 47, "Resistor SMD 0805 (2012 Metric)", 194.060000, 151.035000, 90, top
R82, 47, "Resistor SMD 0805 (2012 Metric)", 229.360000, 145.435000, 270, top
R81, 47, "Resistor SMD 0805 (2012 Metric)", 229.360000, 149.535000, 90, top
R80, 47, "Resistor SMD 0805 (2012 Metric)", 194.060000, 147.147500, 270, top
R79, 10K, "Resistor SMD 0805 (2012 Metric)", 222.430000, 165.560000, 90, top
R61, 10K, "Resistor SMD 0805 (2012 Metric)", 228.460000, 163.435000, 270, top
R58, DNP, "Resistor SMD 0603 (1608 Metric)", 219.760000, 164.635000, 180, top
R57, 10K, "Resistor SMD 0805 (2012 Metric)", 219.760000, 168.560000, 180, top
R53, 10K, "Resistor SMD 0805 (2012 Metric)", 219.680000, 166.560000, 180, top
R52, 10K, "Resistor SMD 0805 (2012 Metric)", 234.500000, 160.178000, 180, top
R51, 0R15, "Resistor", 286.060000, 147.375000, 270, top
R50, 0R15, "Resistor", 251.060000, 148.975000, 270, top
R49, 10K, "Resistor SMD 0805 (2012 Metric)", 234.484000, 157.879000, 180, top
R47, 0R15, "Resistor", 293.560000, 147.175000, 270, top
R46, 0R15, "Resistor", 254.560000, 148.975000, 270, top
R45, 0R15, "Resistor", 232.160000, 147.535000, 270, top
R44, 0R15, "Resistor", 197.160000, 149.135000, 270, top
R43, 0R15, "Resistor", 239.660000, 147.335000, 270, top
R42, 0R15, "Resistor", 200.660000, 149.135000, 270, top
Q31, KIA50N06B, "TO-252 / DPAK SMD package", 283.860000, 115.675000, 90, top
Q30, KIA50N06B, "TO-252 / DPAK SMD package", 273.860000, 115.675000, 90, top
Q29, KIA50N06B, "TO-252 / DPAK SMD package", 254.960000, 134.075000, 90, top
Q28, KIA50N06B, "TO-252 / DPAK SMD package", 242.935000, 134.000000, 90, top
Q27, KIA50N06B, "TO-252 / DPAK SMD package", 284.160000, 132.275000, 90, top
Q26, KIA50N06B, "TO-252 / DPAK SMD package", 274.160000, 132.275000, 90, top
Q25, KIA50N06B, "TO-252 / DPAK SMD package", 255.060000, 117.475000, 90, top
Q24, KIA50N06B, "TO-252 / DPAK SMD package", 243.060000, 117.675000, 90, top
Q23, KIA50N06B, "TO-252 / DPAK SMD package", 229.960000, 115.835000, 90, top
Q22, KIA50N06B, "TO-252 / DPAK SMD package", 219.960000, 115.835000, 90, top
Q21, KIA50N06B, "TO-252 / DPAK SMD package", 201.060000, 134.235000, 90, top
Q20, KIA50N06B, "TO-252 / DPAK SMD package", 189.035000, 134.160000, 90, top
Q19, KIA50N06B, "TO-252 / DPAK SMD package", 230.260000, 132.435000, 90, top
Q18, KIA50N06B, "TO-252 / DPAK SMD package", 220.260000, 132.435000, 90, top
Q17, KIA50N06B, "TO-252 / DPAK SMD package", 201.160000, 117.635000, 90, top
Q16, KIA50N06B, "TO-252 / DPAK SMD package", 189.160000, 117.835000, 90, top
MOTOR_CONN3, MOTOR CONN, "Generic Phoenix Contact connector footprint for: MSTBV_2", 260.830000, 61.900000, 0, top
MOTOR_CONN2, MOTOR CONN, "Generic Phoenix Contact connector footprint for: MSTBV_2", 206.930000, 62.060000, 0, top
IC3, TMC2160-TA, "TQFP", 272.460000, 157.275000, 0, top
IC2, TMC2160-TA, "TQFP", 218.560000, 157.435000, 0, top
D26, SMBJ60A, "Diode SMB (DO-214AA)", 257.260000, 97.875000, 0, top
D25, LED, "Diode SMD 0805 (2012 Metric)", 285.700000, 161.300000, 0, top
D23, SMBJ60A, "Diode SMB (DO-214AA)", 203.360000, 98.035000, 0, top
D22, LED, "Diode SMD 0805 (2012 Metric)", 230.900000, 160.178000, 0, top
D5, LED, "Diode SMD 0805 (2012 Metric)", 230.984000, 157.879000, 0, top
C64, 330uF @60V, "CP", 250.000000, 83.200000, 0, top
C63, 330uF @60V, "CP", 275.160000, 82.575000, 0, top
C62, 100nF, "Capacitor SMD 0603 (1608 Metric)", 280.860000, 152.375000, 270, top
C61, 470nF, "Capacitor SMD 0805 (2012 Metric)", 273.660000, 145.275000, 0, top
C60, 470nF, "Capacitor SMD 0805 (2012 Metric)", 276.460000, 150.475000, 180, top
C59, 470nF, "Capacitor SMD 0805 (2012 Metric)", 267.860000, 151.075000, 0, top
C58, 470nF, "Capacitor SMD 0805 (2012 Metric)", 270.960000, 148.575000, 180, top
C57, 100nF, "Capacitor SMD 0603 (1608 Metric)", 279.160000, 152.475000, 90, top
C56, 22nF, "Capacitor SMD 0805 (2012 Metric)", 279.560000, 156.075000, 270, top
C55, 2.2uF, "Capacitor SMD 0805 (2012 Metric)", 264.500000, 156.975000, 270, top
C54, 2.2uF, "Capacitor SMD 0805 (2012 Metric)", 279.160000, 161.875000, 0, top
C53, 2.2uF, "Capacitor SMD 0805 (2012 Metric)", 263.160000, 152.975000, 270, top
C52, 100nF, "Capacitor SMD 0603 (1608 Metric)", 262.700000, 157.200000, 90, top
C51, 330uF @60V, "CP", 195.960000, 82.635000, 0, top
C50, 330uF @60V, "CP", 221.260000, 82.735000, 0, top
C49, 100nF, "Capacitor SMD 0603 (1608 Metric)", 226.960000, 152.535000, 270, top
C48, 470nF, "Capacitor SMD 0805 (2012 Metric)", 219.760000, 145.435000, 0, top
C47, 470nF, "Capacitor SMD 0805 (2012 Metric)", 222.560000, 150.635000, 180, top
C46, 470nF, "Capacitor SMD 0805 (2012 Metric)", 213.960000, 151.235000, 0, top
C45, 470nF, "Capacitor SMD 0805 (2012 Metric)", 217.060000, 148.735000, 180, top
C44, 100nF, "Capacitor SMD 0603 (1608 Metric)", 225.260000, 152.635000, 90, top
C43, 22nF, "Capacitor SMD 0805 (2012 Metric)", 225.660000, 156.235000, 270, top
C42, 2.2uF, "Capacitor SMD 0805 (2012 Metric)", 210.600000, 157.000000, 270, top
C41, 2.2uF, "Capacitor SMD 0805 (2012 Metric)", 225.260000, 162.035000, 0, top
C30, 2.2uF, "Capacitor SMD 0805 (2012 Metric)", 209.260000, 153.135000, 270, top
C28, 100nF, "Capacitor SMD 0603 (1608 Metric)", 208.800000, 157.200000, 90, top
R137, 10, "Resistor SMD 0805 (2012 Metric)", 173.080000, 123.387500, 270, top
R136, 10, "Resistor SMD 0805 (2012 Metric)", 163.380000, 123.475000, 90, top
R135, 10, "Resistor SMD 0805 (2012 Metric)", 144.380000, 141.662500, 270, top
R134, 10, "Resistor SMD 0805 (2012 Metric)", 132.480000, 142.675000, 90, top
R133, 0.050, "Resistor SMD 2512 (6332 Metric)", 181.780000, 147.275000, 270, top
R132, 0.050, "Resistor SMD 2512 (6332 Metric)", 150.480000, 148.975000, 270, top
R131, 10, "Resistor SMD 0805 (2012 Metric)", 173.580000, 140.475000, 90, top
R130, 10, "Resistor SMD 0805 (2012 Metric)", 163.580000, 140.475000, 90, top
R129, 10, "Resistor SMD 0805 (2012 Metric)", 144.580000, 125.287500, 90, top
R128, 10, "Resistor SMD 0805 (2012 Metric)", 133.480000, 125.175000, 90, top
R127, 47, "Resistor SMD 0805 (2012 Metric)", 139.880000, 150.875000, 90, top
R126, 47, "Resistor SMD 0805 (2012 Metric)", 175.180000, 145.275000, 270, top
R125, 47, "Resistor SMD 0805 (2012 Metric)", 175.180000, 149.375000, 90, top
R124, 47, "Resistor SMD 0805 (2012 Metric)", 139.880000, 146.987500, 270, top
R123, 10K, "Resistor SMD 0805 (2012 Metric)", 168.250000, 165.400000, 90, top
R122, 10K, "Resistor SMD 0805 (2012 Metric)", 174.280000, 163.275000, 270, top
R120, DNP, "Resistor SMD 0603 (1608 Metric)", 165.580000, 164.475000, 180, top
R119, 10K, "Resistor SMD 0805 (2012 Metric)", 165.580000, 168.400000, 180, top
R118, 10K, "Resistor SMD 0805 (2012 Metric)", 165.500000, 166.400000, 180, top
R117, 10K, "Resistor SMD 0805 (2012 Metric)", 181.100000, 159.900000, 180, top
R116, 10K, "Resistor SMD 0805 (2012 Metric)", 181.100000, 157.775000, 180, top
R74, 0R15, "Resistor", 177.980000, 147.375000, 270, top
R73, 0R15, "Resistor", 142.980000, 148.975000, 270, top
R72, 0R15, "Resistor", 185.480000, 147.175000, 270, top
R71, 0R15, "Resistor", 146.480000, 148.975000, 270, top
Q39, KIA50N06B, "TO-252 / DPAK SMD package", 175.780000, 115.675000, 90, top
Q38, KIA50N06B, "TO-252 / DPAK SMD package", 165.780000, 115.675000, 90, top
Q37, KIA50N06B, "TO-252 / DPAK SMD package", 146.880000, 134.075000, 90, top
Q36, KIA50N06B, "TO-252 / DPAK SMD package", 134.855000, 134.000000, 90, top
Q35, KIA50N06B, "TO-252 / DPAK SMD package", 176.080000, 132.275000, 90, top
Q34, KIA50N06B, "TO-252 / DPAK SMD package", 166.080000, 132.275000, 90, top
Q33, KIA50N06B, "TO-252 / DPAK SMD package", 146.980000, 117.475000, 90, top
Q32, KIA50N06B, "TO-252 / DPAK SMD package", 134.980000, 117.675000, 90, top
MOTOR_CONN4, MOTOR CONN, "Generic Phoenix Contact connector footprint for: MSTBV_2", 152.750000, 61.900000, 0, top
IC4, TMC2160-TA, "TQFP", 164.380000, 157.275000, 0, top
D29, SMBJ60A, "Diode SMB (DO-214AA)", 149.180000, 97.875000, 0, top
D28, LED, "Diode SMD 0805 (2012 Metric)", 177.500000, 159.975000, 0, top
D27, LED, "Diode SMD 0805 (2012 Metric)", 177.500000, 157.775000, 0, top
C77, 330uF @60V, "CP", 141.780000, 82.475000, 0, top
C76, 330uF @60V, "CP", 167.080000, 82.575000, 0, top
C75, 100nF, "Capacitor SMD 0603 (1608 Metric)", 172.780000, 152.375000, 270, top
C74, 470nF, "Capacitor SMD 0805 (2012 Metric)", 165.580000, 145.275000, 0, top
C73, 470nF, "Capacitor SMD 0805 (2012 Metric)", 168.380000, 150.475000, 180, top
C72, 470nF, "Capacitor SMD 0805 (2012 Metric)", 159.780000, 151.075000, 0, top
C71, 470nF, "Capacitor SMD 0805 (2012 Metric)", 162.880000, 148.575000, 180, top
C70, 100nF, "Capacitor SMD 0603 (1608 Metric)", 171.080000, 152.475000, 90, top
C69, 22nF, "Capacitor SMD 0805 (2012 Metric)", 171.480000, 156.075000, 270, top
C68, 2.2uF, "Capacitor SMD 0805 (2012 Metric)", 156.400000, 156.700000, 270, top
C67, 2.2uF, "Capacitor SMD 0805 (2012 Metric)", 171.080000, 161.875000, 0, top
C66, 2.2uF, "Capacitor SMD 0805 (2012 Metric)", 155.080000, 152.975000, 270, top
C65, 100nF, "Capacitor SMD 0603 (1608 Metric)", 154.500000, 156.600000, 90, top
R48, 10, "Resistor SMD 0805 (2012 Metric)", 335.100000, 123.212500, 270, top
R32, 10, "Resistor SMD 0805 (2012 Metric)", 325.400000, 123.300000, 90, top
R29, 10, "Resistor SMD 0805 (2012 Metric)", 335.600000, 140.300000, 90, top
R27, 10, "Resistor SMD 0805 (2012 Metric)", 325.600000, 140.300000, 90, top
R24, 10, "Resistor SMD 0805 (2012 Metric)", 306.400000, 141.487500, 270, top
R23, 10, "Resistor SMD 0805 (2012 Metric)", 297.750000, 142.650000, 90, top
R21, 10, "Resistor SMD 0805 (2012 Metric)", 306.600000, 125.112500, 90, top
R20, 10, "Resistor SMD 0805 (2012 Metric)", 295.500000, 125.000000, 90, top
MOTOR_CONN1, MOTOR CONN, "Generic Phoenix Contact connector footprint for: MSTBV_2", 314.770000, 61.725000, 0, top
R155, 10K, "Resistor SMD 0805 (2012 Metric)", 343.850000, 212.550000, 90, top
R35, 10K, "Resistor SMD 0805 (2012 Metric)", 343.850000, 216.262500, 90, top
R34, 10K, "Resistor SMD 0805 (2012 Metric)", 343.850000, 220.062500, 90, top
Q10, KIA50N06B, "TO-252 / DPAK SMD package", 338.650000, 216.250000, 270, top
JP3, Jumper_NO_Small, "Through hole straight pin header", 353.750000, 159.400000, 180, top
D9, MBR2060DT, "TO-252 / DPAK SMD package", 343.125000, 183.975000, 180, top
C26, 1nF, "Capacitor SMD 0805 (2012 Metric)", 338.650000, 209.150000, 0, top
JP1, Jumper_NO_Small, "SMD Solder Jumper", 350.450000, 126.300000, 180, bottom
STEPINPUT1, Conn_01x04_Female, "Generic Phoenix Contact connector footprint for: MSTBV_2", 355.000000, 113.300000, 270, top
JP7, SolderJumper_2_Open, "SMD Solder Jumper", 151.980000, 160.275000, 180, top
JP6, SolderJumper_2_Open, "SMD Solder Jumper", 260.060000, 160.275000, 180, top
JP5, SolderJumper_2_Open, "SMD Solder Jumper", 206.160000, 160.435000, 180, top
JP4, SolderJumper_2_Open, "SMD Solder Jumper", 314.000000, 160.100000, 180, top
J3, Conn_01x04_Female, "Generic Phoenix Contact connector footprint for: MSTBV_2", 94.400000, 62.800000, 0, top
U9, LM2596, "TO-263 / D2PAK / DDPAK SMD package", 308.250000, 179.650000, 180, top
U8, FT232RL, "28-Lead Plastic Shrink Small Outline (SS)-5.30 mm Body [SSOP] (see Microchip Packaging Specification 00000049BS.pdf)", 137.950000, 222.950000, 270, top
R150, 27, "Resistor SMD 0805 (2012 Metric)", 87.150000, 138.300000, 180, top
R149, 9K1, "Resistor SMD 0603 (1608 Metric)", 318.575000, 184.650000, 180, top
R147, 10K, "Resistor SMD 0805 (2012 Metric)", 145.700000, 222.950000, 180, top
R146, 10K, "Resistor SMD 0805 (2012 Metric)", 145.700000, 225.200000, 180, top
R145, 10K, "Resistor SMD 0805 (2012 Metric)", 102.500000, 208.600000, 270, top
R144, 10K, "Resistor SMD 0805 (2012 Metric)", 106.500000, 208.600000, 270, top
R143, 10K, "Resistor SMD 0805 (2012 Metric)", 110.500000, 208.600000, 270, top
R142, 10K, "Resistor SMD 0805 (2012 Metric)", 114.500000, 208.600000, 270, top
R141, 100, "Resistor SMD 0805 (2012 Metric)", 72.600000, 203.700000, 90, top
R140, 100, "Resistor SMD 0805 (2012 Metric)", 78.900000, 203.700000, 90, top
R139, 100, "Resistor SMD 0805 (2012 Metric)", 97.300000, 207.200000, 90, top
R138, 100, "Resistor SMD 0805 (2012 Metric)", 87.500000, 208.000000, 90, top
R78, 10K, "Resistor SMD 0805 (2012 Metric)", 142.700000, 208.450000, 180, top
R77, 10K, "Resistor SMD 0805 (2012 Metric)", 144.950000, 219.950000, 270, top
R76, 1K, "Resistor SMD 0603 (1608 Metric)", 134.450000, 229.450000, 180, top
R75, 27, "Resistor SMD 0805 (2012 Metric)", 114.900000, 139.800000, 270, top
R70, 10K, "Resistor SMD 0805 (2012 Metric)", 89.600000, 206.100000, 90, top
R69, 100, "Resistor SMD 0805 (2012 Metric)", 104.500000, 208.600000, 90, top
R68, 100, "Resistor SMD 0805 (2012 Metric)", 108.500000, 208.587500, 90, top
R67, 100, "Resistor SMD 0805 (2012 Metric)", 112.500000, 208.587500, 90, top
R66, 100, "Resistor SMD 0805 (2012 Metric)", 116.500000, 208.600000, 90, top
R63, 10K, "Resistor SMD 0805 (2012 Metric)", 95.200000, 205.100000, 90, top
R41, 0R15, "Resistor", 340.000000, 147.200000, 270, top
R40, 0R15, "Resistor", 305.000000, 148.800000, 270, top
R39, 0R15, "Resistor", 347.500000, 147.000000, 270, top
R38, 0R15, "Resistor", 308.500000, 148.800000, 270, top
R37, 100, "Resistor SMD 0805 (2012 Metric)", 158.700000, 225.950000, 180, top
R26, 47, "Resistor SMD 0805 (2012 Metric)", 301.900000, 150.700000, 90, top
R25, 47, "Resistor SMD 0805 (2012 Metric)", 337.200000, 145.100000, 270, top
R19, 47, "Resistor SMD 0805 (2012 Metric)", 337.200000, 149.200000, 90, top
R18, 47, "Resistor SMD 0805 (2012 Metric)", 301.900000, 146.812500, 270, top
Q12, BSP42, "module CMS SOT223 4 pins", 153.450000, 212.200000, 0, top
Q11, BSP41, "module CMS SOT223 4 pins", 143.950000, 213.450000, 180, top
L1, 68uH, "Choke", 330.250000, 190.150000, 0, top
JP2, Jumper_2_Bridged, "SMD Solder Jumper", 142.200000, 230.200000, 90, top
J7, USB_B_Micro, "http://www.molex.com/pdm_docs/sd/1050170001_sd.pdf", 133.950000, 233.450000, 180, bottom
D33, SS36-E3/57T, "Diode SMC (DO-214AB)", 320.750000, 177.650000, 90, top
D32, LED, "Diode SMD 0805 (2012 Metric)", 149.450000, 222.950000, 0, top
D31, LED, "Diode SMD 0805 (2012 Metric)", 149.450000, 225.200000, 0, top
D18, MBR2060DT, "TO-252 / DPAK SMD package", 108.900000, 121.550000, 0, top
D17, MBR2060DT, "TO-252 / DPAK SMD package", 113.125000, 106.075000, 0, top
D16, MBR2060DT, "TO-252 / DPAK SMD package", 88.800000, 121.300000, 0, top
D15, MBR2060DT, "TO-252 / DPAK SMD package", 95.400000, 105.800000, 0, top
D7, MBR2060DT, "TO-252 / DPAK SMD package", 108.000000, 140.400000, 180, top
D6, MBR2060DT, "TO-252 / DPAK SMD package", 84.175000, 131.075000, 90, top
C82, 10uF 50V, "Capacitor SMD 1210 (3225 Metric)", 327.250000, 172.150000, 0, top
C81, 10uF 50V, "Capacitor SMD 1210 (3225 Metric)", 332.500000, 172.150000, 180, top
C80, 220uF 170mOhms 35V, "SMD capacitor", 330.250000, 178.650000, 180, top
C79, 1nF, "Capacitor SMD 0805 (2012 Metric)", 318.700000, 186.650000, 180, top
C78, 10uF, "Capacitor SMD 1206 (3216 Metric)", 138.450000, 229.450000, 0, top
C39, 100nF, "Capacitor SMD 0603 (1608 Metric)", 85.500000, 207.800000, 270, top
C38, 100nF, "Capacitor SMD 0603 (1608 Metric)", 78.900000, 200.300000, 90, top
C37, 100nF, "Capacitor SMD 0603 (1608 Metric)", 74.900000, 200.200000, 90, top
C36, 100nF, "Capacitor SMD 0603 (1608 Metric)", 99.400000, 207.100000, 270, top
C33, 10uF, "Capacitor SMD 1206 (3216 Metric)", 183.700000, 227.700000, 90, top
C32, 10uF, "Capacitor SMD 1206 (3216 Metric)", 183.950000, 231.700000, 0, top
C29, 10uF, "Capacitor SMD 1206 (3216 Metric)", 188.700000, 231.700000, 180, top
C27, 10uF, "Capacitor SMD 1206 (3216 Metric)", 192.400000, 232.900000, 270, top
C9, 10uF, "Capacitor SMD 1206 (3216 Metric)", 99.200000, 167.200000, 0, top
C8, 10uF, "Capacitor SMD 1206 (3216 Metric)", 105.200000, 167.100000, 0, top
R54, 10K, "Resistor SMD 0805 (2012 Metric)", 187.862500, 217.450000, 0, top
R28, 10K, "Resistor SMD 0805 (2012 Metric)", 319.162500, 196.650000, 180, top
R17, 10K, "Resistor SMD 0805 (2012 Metric)", 330.270000, 165.225000, 90, top
R16, 10K, "Resistor SMD 0805 (2012 Metric)", 336.300000, 163.100000, 270, top
R13, 10K, "Resistor SMD 0805 (2012 Metric)", 327.600000, 168.225000, 180, top
R12, 10K, "Resistor SMD 0805 (2012 Metric)", 327.520000, 166.225000, 180, top
R11, 10K, "Resistor SMD 0805 (2012 Metric)", 344.585000, 200.925000, 90, top
R10, 10K, "Resistor SMD 0805 (2012 Metric)", 343.100000, 160.900000, 180, top
R9, 10K, "Resistor SMD 0805 (2012 Metric)", 342.100000, 158.500000, 180, top
J5, Limit_IF, "", 103.350000, 218.200000, 180, top
C13, 2.2uF, "Capacitor SMD 0805 (2012 Metric)", 333.100000, 161.700000, 0, top
C25, 330uF @60V, "CP", 303.800000, 82.300000, 0, top
R31, 0.050, "Resistor SMD 2512 (6332 Metric)", 343.800000, 147.100000, 270, top
R22, 0.050, "Resistor SMD 2512 (6332 Metric)", 312.500000, 148.800000, 270, top
R1, 27, "Resistor SMD 0805 (2012 Metric)", 85.400000, 97.050000, 90, top
Q15, KIA50N06B, "TO-252 / DPAK SMD package", 337.800000, 115.500000, 90, top
Q14, KIA50N06B, "TO-252 / DPAK SMD package", 327.800000, 115.500000, 90, top
Q13, KIA50N06B, "TO-252 / DPAK SMD package", 338.100000, 132.100000, 90, top
Q9, KIA50N06B, "TO-252 / DPAK SMD package", 328.100000, 132.100000, 90, top
D4, SMBJ60A, "Diode SMB (DO-214AA)", 311.200000, 97.700000, 0, top
C40, 330uF @60V, "CP", 329.100000, 82.400000, 0, top
C35, 470nF, "Capacitor SMD 0805 (2012 Metric)", 327.600000, 145.100000, 0, top
C34, 470nF, "Capacitor SMD 0805 (2012 Metric)", 330.400000, 150.300000, 180, top
C24, 100nF, "Capacitor SMD 0603 (1608 Metric)", 334.800000, 152.200000, 270, top
C21, 470nF, "Capacitor SMD 0805 (2012 Metric)", 321.800000, 150.900000, 0, top
C20, 470nF, "Capacitor SMD 0805 (2012 Metric)", 324.900000, 148.400000, 180, top
C18, 100nF, "Capacitor SMD 0603 (1608 Metric)", 333.100000, 152.300000, 90, top
C17, 22nF, "Capacitor SMD 0805 (2012 Metric)", 333.500000, 155.900000, 270, top
C15, 2.2uF, "Capacitor SMD 0805 (2012 Metric)", 317.100000, 152.800000, 270, top
C14, 2.2uF, "Capacitor SMD 0805 (2012 Metric)", 318.500000, 156.600000, 270, top
C12, 100nF, "Capacitor SMD 0603 (1608 Metric)", 316.700000, 156.100000, 90, top
C7, 330uF @60V, "CP", 293.000000, 217.400000, 180, top
C6, 330uF @60V, "CP", 288.000000, 197.400000, 90, top
C4, 1uF @60V, "SMD capacitor", 105.900000, 130.050000, 270, top
C3, 1uF @60V, "SMD capacitor", 77.400000, 126.550000, 90, top
IC1, TMC2160-TA, "TQFP", 326.400000, 157.100000, 0, top
R14, DNP, "Resistor SMD 0603 (1608 Metric)", 327.600000, 164.300000, 180, top
Q8, KIA50N06B, "TO-252 / DPAK SMD package", 308.900000, 133.900000, 90, top
Q7, KIA50N06B, "TO-252 / DPAK SMD package", 296.875000, 133.825000, 90, top
Q6, KIA50N06B, "TO-252 / DPAK SMD package", 309.000000, 117.300000, 90, top
Q5, KIA50N06B, "TO-252 / DPAK SMD package", 297.000000, 117.500000, 90, top
D3, LED, "Diode SMD 0805 (2012 Metric)", 339.600000, 160.900000, 0, top
D2, LED, "Diode SMD 0805 (2012 Metric)", 338.600000, 158.500000, 0, top
U6, IL0515S_DC-DC, "Through hole straight pin header", 105.800000, 173.000000, 270, top
R4, 27, "Resistor SMD 0805 (2012 Metric)", 99.150000, 115.050000, 90, top
R3, 27, "Resistor SMD 0805 (2012 Metric)", 103.400000, 100.050000, 90, top
R2, 27, "Resistor SMD 0805 (2012 Metric)", 85.150000, 107.300000, 270, top
C11, 330uF @60V, "CP", 72.150000, 96.800000, 270, top
C2, 330uF @60V, "CP", 102.100000, 80.700000, 180, top
D1, LED, "Diode SMD 0805 (2012 Metric)", 344.650000, 204.550000, 270, top
U3, LM2596, "TO-263 / D2PAK / DDPAK SMD package", 308.630000, 204.410000, 180, top
R30, 1K, "Resistor SMD 0603 (1608 Metric)", 314.250000, 214.150000, 90, top
L3, 68uH, "Choke", 325.150000, 215.550000, 0, top
D8, SS36-E3/57T, "Diode SMC (DO-214AB)", 320.950000, 203.650000, 90, top
C23, 10uF 50V, "Capacitor SMD 1210 (3225 Metric)", 337.150000, 203.050000, 270, top
C22, 10uF 50V, "Capacitor SMD 1210 (3225 Metric)", 195.300000, 233.000000, 90, top
C19, 220uF 170mOhms 35V, "SMD capacitor", 330.550000, 202.950000, 90, top
C16, 1nF, "Capacitor SMD 0805 (2012 Metric)", 316.250000, 216.100000, 90, top
C5, 10uF 50V, "Capacitor SMD 1210 (3225 Metric)", 305.250000, 187.650000, 0, top
C1, 10uF 50V, "Capacitor SMD 1210 (3225 Metric)", 304.750000, 212.650000, 180, top
U2, IR2104, "SOIC", 111.900000, 129.550000, 90, top
U1, IR2104, "SOIC", 90.650000, 130.300000, 90, top
SPINDLE_RELAY1, Conn_01x04_Female, "Generic Phoenix Contact connector footprint for: MSTBV_2", 69.400000, 138.400000, 90, top
R8, 1K, "Resistor SMD 0603 (1608 Metric)", 103.700000, 187.850000, 0, top
R7, 1K, "Resistor SMD 0603 (1608 Metric)", 92.400000, 174.500000, 0, top
R6, 1K, "Resistor SMD 0603 (1608 Metric)", 93.575000, 171.900000, 0, top
R5, 1K, "Resistor SMD 0603 (1608 Metric)", 90.043000, 188.087000, 0, top
Q4, KIA50N06B, "TO-252 / DPAK SMD package", 108.900000, 113.550000, 0, top
Q3, KIA50N06B, "TO-252 / DPAK SMD package", 113.150000, 98.550000, 0, top
Q2, KIA50N06B, "TO-252 / DPAK SMD package", 88.900000, 113.550000, 0, top
Q1, KIA50N06B, "TO-252 / DPAK SMD package", 95.475000, 98.025000, 0, top
MAININPUT1, Conn_01x04_Female, "Generic Phoenix Contact connector footprint for: MSTBV_2", 354.100000, 171.900000, 270, top
K5, HFD3/3, "Kemet signal relay", 85.155500, 159.577000, 180, top
J6, Conn_01x07_Female, "Through hole angled pin header", 153.800000, 233.200000, 0, bottom
D21, LED, "Diode SMD 0805 (2012 Metric)", 99.700000, 187.950000, 180, top
D19, LED, "Diode SMD 0805 (2012 Metric)", 82.000000, 170.300000, 180, top
D14, 1N4148, "SOD-123", 101.650000, 115.050000, 90, top
D13, 1N4148, "SOD-123", 105.900000, 100.200000, 90, top
D12, 1N4148, "SOD-123", 87.900000, 107.050000, 270, top
D11, 1N4148, "SOD-123", 87.900000, 96.800000, 90, top
U5, ESP32-WROOM-32D, "Single 2.4 GHz Wi-Fi and Bluetooth combo chip https://www.espressif.com/sites/default/files/documentation/esp32-wroom-32_datasheet_en.pdf", 170.500000, 226.600000, 180, top
U4, NCP1117ST33T3G, "module CMS SOT223 4 pins", 189.950000, 225.700000, 90, top
RST1, SW_DIP_x01, "SMD 1x-dip-switch SPST ", 160.700000, 206.700000, 90, top
R62, 1K, "Resistor SMD 0603 (1608 Metric)", 162.700000, 214.200000, 270, top
R59, 1K, "Resistor SMD 0603 (1608 Metric)", 166.775000, 200.950000, 180, top
R56, DNP, "Resistor SMD 0402 (1005 Metric)", 157.450000, 206.700000, 90, top
R55, 1K, "Resistor SMD 0603 (1608 Metric)", 183.950000, 223.450000, 180, top
D10, LED, "Diode SMD 0805 (2012 Metric)", 187.950000, 219.950000, 0, top
C31, 100nF, "Capacitor SMD 0603 (1608 Metric)", 137.725000, 217.200000, 0, top
BOOTM1, SW_DIP_x01, "SMD 1x-dip-switch SPST ", 165.950000, 206.700000, 90, top
